SV,Ex_S1,Ex_S2,Ex_S3,Ex_S4,Ex_S5,Ex_S6,Ex_S7,Ex_S8,Ex_S9,Ex_S10,Ex_S11,Ex_S12,Kingdom,Phylum,Class,Order,Family,Genus,Species
Otu1,6,11,28,69,2,36,15866,11119,116033,12986,69926,5401,k__Bacteria,p__Firmicutes,c__Bacilli,o__Lactobacillales,f__Carnobacteriaceae,g__Trichococcus,
Otu3,108021,168,40989,325,60378,127,14478,38,5121,124,3319,13,k__Bacteria,p__Proteobacteria,c__Deltaproteobacteria,o__Desulfuromonadales,f__Desulfuromonadaceae,g__Desulfuromonas,
Otu2,5,20,57,24,2,39,51842,383,27627,187,66854,77,k__Bacteria,p__Proteobacteria,c__Deltaproteobacteria,o__Desulfuromonadales,f__BVA18,,
Otu5,161,9111,186,51280,485,25582,117,6045,47,2581,112,330,k__Bacteria,p__Proteobacteria,c__Betaproteobacteria,o__Rhodocyclales,f__Rhodocyclaceae,g__Thauera,
Otu23,0,0,0,5,4,0,3,20,27,43,2,0,k__Bacteria,p__Proteobacteria,c__Betaproteobacteria,o__Burkholderiales,f__Burkholderiaceae,g__Cupriavidus,
Otu4,0,0,2,7,0,0,0,0,0,16,0,0,k__Bacteria,p__Firmicutes,c__Clostridia,o__Clostridiales,f__Family XI,g__H1-814,
Otu17,1,0,2,1,1,0,2,0,4,19,1,59,k__Bacteria,p__Proteobacteria,c__Gammaproteobacteria,o__Pseudomonadales,f__Pseudomonadaceae,g__Pseudomonas,
Otu6,37,608,329,6189,97,6172,6,324,311,270,62,421,k__Bacteria,p__Proteobacteria,c__Betaproteobacteria,o__Rhodocyclales,f__Rhodocyclaceae,g__Azoarcus,
Otu9,1089,218,284,873,682,958,713,1122,2407,357,1318,1601,k__Bacteria,p__Bacteroidetes,c__Sphingobacteriia,o__Sphingobacteriales,f__KD1-131,,
Otu7,26,8695,3,34038,18,5498,4,1178,34,3600,19,66,k__Bacteria,p__Proteobacteria,c__Gammaproteobacteria,o__Alteromonadales,f__Alteromonadaceae,g__Alishewanella,
Otu8,1573,87,2077,1851,839,516,1982,2057,15421,2639,1112,457,k__Bacteria,p__Synergistetes,c__Synergistia,o__Synergistales,f__Synergistaceae,,
Otu13,0,0,11,24,0,0,0,0,1,20,0,0,k__Bacteria,p__Firmicutes,c__Bacilli,o__Lactobacillales,f__Lactobacillaceae,g__Lactobacillus,
Otu10,183,39,52,58,73,24,2791,145,12123,124,4102,151,k__Bacteria,p__Bacteroidetes,c__Sphingobacteriia,o__Sphingobacteriales,f__WCHB1-69,,
Otu14,1597,444,559,6149,388,1449,166,1095,2320,553,134,29,k__Bacteria,p__Bacteroidetes,c__Sphingobacteriia,o__Sphingobacteriales,f__WCHB1-69,,
Otu16,1516,86,443,564,782,253,803,333,8076,115,1595,90,k__Bacteria,p__Bacteroidetes,c__Bacteroidia,o__Bacteroidales,f__Rikenellaceae,g__vadinBC27 wastewater-sludge group,
Otu12,67,20,32,154,58,107,520,1640,374,665,501,2242,k__Bacteria,p__Verrucomicrobia,c__OPB35 soil group,,,,
Otu18,542,166,69,525,2791,1225,907,259,4862,312,1246,27,k__Bacteria,p__Bacteroidetes,c__Bacteroidia,o__Bacteroidales,f__Rikenellaceae,g__Blvii28 wastewater-sludge group,
Otu20,1110,213,1186,1682,461,121,1157,321,6619,385,626,97,k__Bacteria,p__Synergistetes,c__Synergistia,o__Synergistales,f__Synergistaceae,,
Otu11,56697,11,6727,16,976,12,1,0,3,13,0,0,k__Bacteria,p__Proteobacteria,c__Deltaproteobacteria,o__Desulfuromonadales,f__Desulfuromonadaceae,g__Desulfuromonas,
Otu22,245,1698,120,4708,142,1865,2,10,16,6,4,0,k__Bacteria,p__Proteobacteria,c__Betaproteobacteria,o__Rhodocyclales,f__Rhodocyclaceae,g__Azoarcus,
Otu21,113,251,224,811,71,825,24,2631,1191,358,47,622,k__Bacteria,p__Proteobacteria,c__Betaproteobacteria,o__Burkholderiales,f__Comamonadaceae,g__Hydrogenophaga,
Otu27,22,3,17,2836,35,28,0,25,16,26,1,7,k__Bacteria,p__Proteobacteria,c__Gammaproteobacteria,o__Pseudomonadales,f__Pseudomonadaceae,g__Pseudomonas,
Otu19,30,4549,51,10987,25,1605,4,231,792,338,16,291,k__Bacteria,p__Proteobacteria,c__Alphaproteobacteria,o__Rhodobacterales,f__Rhodobacteraceae,g__Stappia,
Otu31,5369,108,1037,677,1964,564,297,24,551,43,542,105,k__Bacteria,p__Bacteroidetes,c__Bacteroidia,o__Bacteroidales,f__Rikenellaceae,g__Blvii28 wastewater-sludge group,
Otu26,29,127,93,1102,53,598,15,310,671,91,325,364,k__Bacteria,p__Proteobacteria,c__Betaproteobacteria,o__Burkholderiales,f__Comamonadaceae,g__Hydrogenophaga,
Otu15,15,378,91,6291,9,1881,2,1578,380,259,70,541,k__Bacteria,p__Proteobacteria,c__Gammaproteobacteria,o__Xanthomonadales,f__Xanthomonadaceae,g__Aquimonas,
Otu42,2615,270,1910,2010,641,264,34,20,401,67,46,6,k__Bacteria,p__Synergistetes,c__Synergistia,o__Synergistales,f__Synergistaceae,g__Aminivibrio,
Otu24,1,2,3,119,14,206,368,1201,6598,1021,235,1383,k__Bacteria,p__Proteobacteria,c__Gammaproteobacteria,,,,
Otu33,2263,607,435,4926,1059,849,139,317,461,306,248,149,k__Bacteria,p__Spirochaetae,c__Spirochaetes,o__Spirochaetales,f__Spirochaetaceae,,
Otu29,605,131,483,3518,282,624,340,487,1815,652,454,249,k__Bacteria,p__Synergistetes,c__Synergistia,o__Synergistales,f__Synergistaceae,,
Otu25,27,434,8,737,25,1360,2,170,23,211,280,234,k__Bacteria,p__Proteobacteria,c__Alphaproteobacteria,o__Rhodobacterales,f__Rhodobacteraceae,,
Otu28,31,307,83,7034,37,1485,0,5,3,270,6,1012,k__Bacteria,p__Bacteroidetes,c__Bacteroidia,o__Bacteroidales,f__Marinilabiaceae,g__Mangroviflexus,
Otu30,323,216,99,385,171,245,469,456,3457,311,982,123,k__Bacteria,p__Firmicutes,c__Clostridia,o__Clostridiales,f__Christensenellaceae,g__Christensenellaceae R-7 group,
Otu34,1234,500,544,1702,786,425,99,118,793,67,199,73,k__Bacteria,p__Bacteroidetes,c__Bacteroidia,o__Bacteroidales,f__Porphyromonadaceae,g__Petrimonas,
Otu41,3,51,0,80,14,558,5,200,10,258,7,70,k__Bacteria,p__Proteobacteria,c__Alphaproteobacteria,o__Rhodospirillales,f__Rhodospirillaceae,g__Caenispirillum,
Otu78,0,0,0,0,0,0,0,0,1,0,1,0,k__Bacteria,p__Proteobacteria,c__Gammaproteobacteria,o__Xanthomonadales,f__Competibacteraceae,,
Otu32,309,18,32,245,36,176,3,22,47,20,30,42,k__Bacteria,p__Actinobacteria,c__Actinobacteria,o__Corynebacteriales,f__Nocardiaceae,g__Rhodococcus,
Otu43,475,136,165,2648,319,852,4,9,58,24,29,16,k__Bacteria,p__Cloacimonetes,c__LNR A2-18,,,,
Otu40,318,43,78,443,142,150,48,968,396,518,153,1073,k__Bacteria,p__Bacteroidetes,c__Bacteroidia,o__Bacteroidales,f__Porphyromonadaceae,,
Otu35,489,503,138,1218,611,1578,3,10,2,8,1,0,k__Bacteria,p__Proteobacteria,c__Deltaproteobacteria,o__Desulfovibrionales,f__Desulfomicrobiaceae,g__Desulfomicrobium,
Otu44,697,137,632,1046,427,204,161,89,844,160,190,35,k__Bacteria,p__Synergistetes,c__Synergistia,o__Synergistales,f__Synergistaceae,,
Otu47,0,0,3,9,0,0,1,0,0,8,0,0,k__Bacteria,p__Proteobacteria,c__Alphaproteobacteria,o__Rhodospirillales,f__Acetobacteraceae,g__Acetobacter,
Otu39,293,2,149,742,20,39,278,519,659,301,686,159,k__Archaea,p__Euryarchaeota,c__Methanomicrobia,o__Methanomicrobiales,f__Methanocorpusculaceae,g__Methanocorpusculum,
Otu37,11,369,7,2612,11,2184,7,612,65,542,34,401,k__Bacteria,p__Planctomycetes,c__Planctomycetacia,o__Planctomycetales,f__Planctomycetaceae,g__Planctomyces,
Otu36,168,217,161,5357,126,504,392,272,3484,462,289,63,k__Bacteria,p__Synergistetes,c__Synergistia,o__Synergistales,f__Synergistaceae,,
Otu50,0,6,21,304,8,878,16,2960,142,1462,45,57,k__Bacteria,p__Proteobacteria,c__Alphaproteobacteria,o__Rhizobiales,f__Phyllobacteriaceae,,
Otu61,2,4,272,8,1878,116,0,0,47,5,0,0,k__Bacteria,p__Proteobacteria,c__Betaproteobacteria,o__Rhodocyclales,f__Rhodocyclaceae,,
Otu46,14,140,74,325,17,64,218,1743,5005,841,316,303,k__Bacteria,p__Proteobacteria,c__Deltaproteobacteria,o__Desulfobacterales,f__Desulfobulbaceae,g__Desulfobulbus,
Otu54,330,275,128,674,173,98,284,76,1608,54,417,24,k__Bacteria,p__Firmicutes,c__Clostridia,o__Clostridiales,f__Family XIII,g__Anaerovorax,
Otu67,6,0,47,846,8,17,0,1,9,4,0,0,k__Bacteria,p__Proteobacteria,c__Gammaproteobacteria,o__Pseudomonadales,f__Pseudomonadaceae,g__Pseudomonas,
Otu49,336,161,143,105,291,213,40,226,278,51,207,199,k__Bacteria,p__Bacteroidetes,c__Bacteroidia,o__Bacteroidia Incertae Sedis,f__Draconibacteriaceae,,
Otu48,87,358,28,634,21,895,13,779,81,110,32,342,k__Bacteria,p__Bacteroidetes,c__Bacteroidia,o__Bacteroidia Incertae Sedis,f__Draconibacteriaceae,,
Otu91,158,30,179,648,136,296,68,88,864,95,45,5,k__Bacteria,p__Firmicutes,c__Clostridia,o__Clostridiales,f__Christensenellaceae,g__Christensenellaceae R-7 group,
Otu45,149,190,83,71,36,49,332,124,4561,79,785,80,k__Bacteria,p__Firmicutes,c__Clostridia,o__Clostridiales,f__Eubacteriaceae,g__Acetobacterium,
Otu58,0,0,0,0,0,2,3,13,40,96,8,263,k__Bacteria,p__Spirochaetae,c__Spirochaetes,o__Spirochaetales,f__Spirochaetaceae,g__Treponema 2,
Otu56,293,44,279,697,200,238,197,153,3168,158,225,21,k__Bacteria,p__Firmicutes,c__Clostridia,o__Clostridiales,f__Family XIII,,
Otu70,132,44,113,174,63,44,231,253,1301,210,147,103,k__Bacteria,p__Synergistetes,c__Synergistia,o__Synergistales,f__Synergistaceae,,
Otu77,0,0,0,0,0,0,0,0,1,2,0,1,k__Bacteria,p__Cyanobacteria,c__Chloroplast,,,,
Otu64,812,66,165,267,917,426,86,39,284,75,27,29,k__Bacteria,p__Spirochaetae,c__Spirochaetes,o__Spirochaetales,f__Leptospiraceae,,
Otu55,189,31,23,31,26,88,7,1601,755,27,129,279,k__Bacteria,p__Bacteroidetes,c__Bacteroidetes VC2.1 Bac22,,,,
Otu52,0,1,0,0,0,81,0,532,8,3,17,685,k__Bacteria,p__Planctomycetes,c__Planctomycetacia,o__Planctomycetales,f__Planctomycetaceae,g__Pirellula,
Otu81,26,36,12,186,20,58,29,1207,238,145,187,184,k__Bacteria,p__Proteobacteria,c__Betaproteobacteria,o__Burkholderiales,f__Comamonadaceae,g__Acidovorax,
Otu89,5,2,9,53,64,382,51,739,122,242,21,147,k__Bacteria,p__Proteobacteria,c__Betaproteobacteria,o__Rhodocyclales,f__Rhodocyclaceae,g__Dechloromonas,
Otu38,0,0,0,2,1,0,0,0,0,8,0,0,k__Bacteria,p__Actinobacteria,c__Actinobacteria,o__Micrococcales,f__Micrococcaceae,g__Micrococcus,
Otu60,1,1,111,9,177,194,4,49,2527,51,423,44,k__Bacteria,p__Proteobacteria,c__Betaproteobacteria,o__Hydrogenophilales,f__Hydrogenophilaceae,g__Thiobacillus,
Otu62,0,0,1,0,0,0,180,89,27,44,1945,56,k__Bacteria,p__Proteobacteria,c__Deltaproteobacteria,o__Desulfuromonadales,f__Desulfuromonadaceae,g__Pelobacter,
Otu57,6,711,21,1401,6,935,2,59,49,10,15,84,k__Bacteria,p__Verrucomicrobia,c__Spartobacteria,o__Chthoniobacterales,f__FukuN18 freshwater group,,
Otu106,51,38,42,40,31,8,399,220,2764,97,18,3,k__Bacteria,p__Cloacimonetes,,,,,
Otu51,0,0,0,442,47,1725,0,2,0,0,0,0,k__Bacteria,p__Bacteroidetes,c__Bacteroidetes VC2.1 Bac22,,,,
Otu102,0,0,0,1,0,2,149,551,347,143,172,51,k__Bacteria,p__Bacteroidetes,c__Sphingobacteriia,o__Sphingobacteriales,f__WCHB1-69,,
Otu65,14,1201,15,2680,5,95,0,503,64,345,22,87,k__Bacteria,p__Proteobacteria,c__Alphaproteobacteria,o__Caulobacterales,f__Hyphomonadaceae,g__Hyphomonas,
Otu96,210,7,60,78,55,70,17,193,95,357,26,58,k__Bacteria,p__Proteobacteria,c__Betaproteobacteria,o__Rhodocyclales,f__Rhodocyclaceae,,
Otu72,125,0,101,0,660,1,788,11,4545,12,308,0,k__Bacteria,p__Bacteroidetes,c__Bacteroidia,o__Bacteroidales,f__Rikenellaceae,g__Blvii28 wastewater-sludge group,
Otu95,0,47,4,2404,3,193,3,1433,75,1136,13,168,k__Bacteria,p__Proteobacteria,c__Alphaproteobacteria,o__Rhizobiales,f__Phyllobacteriaceae,g__Aquamicrobium,
Otu68,20,0,11,0,44,2,942,96,1927,81,928,4,k__Bacteria,p__Spirochaetae,c__Spirochaetes,o__Spirochaetales,f__Spirochaetaceae,,
Otu66,56,32,7,732,21,811,3,203,19,109,27,31,k__Bacteria,p__Proteobacteria,c__Alphaproteobacteria,o__Caulobacterales,f__Hyphomonadaceae,g__Hyphomonas,
Otu76,14,438,8,2164,19,708,0,15,0,431,0,7,k__Bacteria,p__Bacteroidetes,c__Bacteroidia,o__Bacteroidia Incertae Sedis,f__Draconibacteriaceae,,
Otu86,4,147,11,763,6,530,1,976,7,945,3,267,k__Bacteria,p__Chloroflexi,c__Anaerolineae,o__Anaerolineales,f__Anaerolineaceae,,
Otu53,3,158,2,897,5,1246,0,289,21,117,2,24,k__Bacteria,p__Proteobacteria,c__Alphaproteobacteria,o__Caulobacterales,f__Caulobacteraceae,g__Brevundimonas,
Otu94,136,32,58,66,90,181,523,548,295,31,110,15,k__Bacteria,p__Proteobacteria,c__Deltaproteobacteria,o__Desulfuromonadales,f__Geobacteraceae,g__Geobacter,
Otu83,5,50,0,1060,8,597,2,259,106,99,5,4,k__Bacteria,p__Proteobacteria,c__Betaproteobacteria,o__Burkholderiales,f__Comamonadaceae,g__Hydrogenophaga,
Otu63,5,1340,53,10920,0,261,0,4,2,81,0,0,k__Bacteria,p__Proteobacteria,c__Betaproteobacteria,o__Burkholderiales,f__Comamonadaceae,g__Hydrogenophaga,
Otu80,290,39,336,156,96,26,178,176,1605,191,211,120,k__Bacteria,p__Firmicutes,c__Negativicutes,o__Selenomonadales,f__Veillonellaceae,,
Otu85,61,42,10,207,97,471,39,85,27,34,194,38,k__Bacteria,p__Spirochaetae,c__Spirochaetes,o__Spirochaetales,f__PL-11B10,,
Otu75,3,559,0,5405,4,398,2,184,3,220,1,8,k__Bacteria,p__Bacteroidetes,c__Cytophagia,o__Order III,f__CK06-06-Mud-MAS4B-21,,
Otu87,72,247,10,216,8,104,1,2,0,0,0,0,k__Bacteria,p__Proteobacteria,c__Gammaproteobacteria,o__Pseudomonadales,f__Moraxellaceae,g__Acinetobacter,
Otu59,0,0,4,33,0,15,0,1,5,21,410,109,k__Bacteria,p__Proteobacteria,c__Gammaproteobacteria,o__Xanthomonadales,f__Xanthomonadaceae,g__Arenimonas,
Otu152,6,7,18,279,8,61,3,14,20,2,9,3,k__Bacteria,p__Proteobacteria,c__Betaproteobacteria,o__Burkholderiales,f__Comamonadaceae,g__Acidovorax,
Otu79,22,21,17,104,6,271,8,504,28,34,54,269,k__Bacteria,p__Verrucomicrobia,c__Verrucomicrobiae,o__Verrucomicrobiales,f__Verrucomicrobiaceae,,
Otu93,145,139,53,1944,278,431,14,16,19,380,22,33,k__Bacteria,p__Spirochaetae,c__Spirochaetes,o__Spirochaetales,f__Spirochaetaceae,,
Otu88,138,0,33,5,118,24,474,125,1346,2,593,73,k__Bacteria,p__Bacteroidetes,c__Sphingobacteriia,o__Sphingobacteriales,f__KD1-131,,
Otu84,7,51,5,561,7,108,3,32,51,23,22,247,k__Bacteria,p__Firmicutes,c__Clostridia,o__Clostridiales,f__Christensenellaceae,g__Christensenellaceae R-7 group,
Otu82,0,1,0,0,0,0,0,9,152,0,1522,3,k__Bacteria,p__Proteobacteria,c__Betaproteobacteria,o__Rhodocyclales,f__Rhodocyclaceae,,
Otu111,4,2,0,1,4,1,43,112,247,98,485,20,k__Bacteria,p__Cloacimonetes,,,,,
Otu114,41,40,5,56,121,141,88,123,50,106,69,13,k__Bacteria,p__Spirochaetae,c__Spirochaetes,o__Spirochaetales,f__PL-11B10,,
Otu74,5,946,20,3178,3,709,2,63,181,70,4,66,k__Bacteria,p__Proteobacteria,c__Alphaproteobacteria,o__Rhodobacterales,f__Rhodobacteraceae,g__Pannonibacter,
Otu105,106,11,6,101,13,45,15,64,53,11,21,2,k__Bacteria,p__Proteobacteria,c__Betaproteobacteria,o__Neisseriales,f__Neisseriaceae,g__Leeia,
Otu99,32,6,10,64,66,694,15,366,27,308,7,14,k__Bacteria,p__Proteobacteria,c__Betaproteobacteria,o__Rhodocyclales,f__Rhodocyclaceae,g__Azonexus,
Otu109,0,0,0,0,0,1,26,48,486,54,241,34,k__Bacteria,p__Actinobacteria,c__Actinobacteria,o__Actinomycetales,f__Actinomycetaceae,,
Otu98,2,0,0,0,4,1088,0,0,0,8,0,0,k__Bacteria,p__Planctomycetes,c__Phycisphaerae,o__Phycisphaerales,f__Phycisphaeraceae,g__SM1A02,
Otu71,18,173,9,486,10,757,0,75,7,16,2,14,k__Bacteria,p__Proteobacteria,c__Alphaproteobacteria,o__Rhizobiales,f__Beijerinckiaceae,g__Camelimonas,
Otu112,130,27,31,376,20,100,43,188,323,23,86,73,k__Bacteria,p__Bacteroidetes,c__Bacteroidia,o__Bacteroidales,f__Porphyromonadaceae,g__Proteiniphilum,
Otu103,0,7,1,546,19,805,0,316,46,120,0,14,k__Bacteria,p__Proteobacteria,c__Alphaproteobacteria,o__Rhizobiales,f__Rhodobiaceae,g__Parvibaculum,
Otu115,13,5,29,231,24,254,4,2285,606,220,90,140,k__Bacteria,p__Proteobacteria,c__Betaproteobacteria,o__Hydrogenophilales,f__Hydrogenophilaceae,,
Otu135,210,36,197,45,616,67,4,6,0,1,1,0,k__Bacteria,p__Proteobacteria,c__Deltaproteobacteria,o__Desulfovibrionales,f__Desulfovibrionaceae,g__Desulfovibrio,
Otu161,25,5,7,18,12,15,132,151,1441,127,147,19,k__Bacteria,p__Firmicutes,c__Clostridia,o__Clostridiales,f__Christensenellaceae,g__Christensenellaceae R-7 group,
Otu73,22,29,33,187,2,486,0,2,0,7,0,6,k__Bacteria,p__Proteobacteria,c__Gammaproteobacteria,o__Xanthomonadales,f__Xanthomonadaceae,g__Arenimonas,
Otu97,349,178,121,162,150,162,75,16,648,9,160,10,k__Bacteria,p__Firmicutes,c__Clostridia,o__Clostridiales,f__Peptostreptococcaceae,g__Acetoanaerobium,
Otu100,135,12,104,12,81,8,403,83,2018,23,418,30,k__Bacteria,p__Firmicutes,c__Negativicutes,o__Selenomonadales,f__Veillonellaceae,,
Otu120,60,4,83,310,131,270,325,67,644,29,24,3,k__Bacteria,p__Hydrogenedentes,,,,,
Otu69,2,0,0,2115,2,962,0,142,0,188,1,62,k__Bacteria,,,,,,
Otu192,42,758,23,2019,3,10,15,6,65,12,20,2,k__Bacteria,p__Bacteroidetes,c__Sphingobacteriia,o__Sphingobacteriales,f__WCHB1-69,,
Otu104,262,40,131,86,124,111,53,49,206,36,279,47,k__Bacteria,p__Spirochaetae,c__Spirochaetes,o__Spirochaetales,f__Leptospiraceae,g__Leptonema,
Otu117,0,0,0,1,0,0,90,66,1515,124,283,19,k__Bacteria,p__Firmicutes,c__Bacilli,o__Lactobacillales,f__Streptococcaceae,g__Lactococcus,
Otu226,32,29,14,106,12,25,94,56,805,77,70,5,k__Bacteria,p__Firmicutes,c__Clostridia,o__Thermoanaerobacterales,f__Thermoanaerobacteraceae,g__Gelria,
Otu124,80,11,21,23,95,7,189,47,796,36,251,42,k__Bacteria,p__Bacteroidetes,c__Bacteroidia,o__Bacteroidales,f__Porphyromonadaceae,g__Macellibacteroides,
Otu108,298,63,244,214,62,183,23,74,43,100,98,40,k__Bacteria,p__Proteobacteria,c__Betaproteobacteria,o__Rhodocyclales,f__Rhodocyclaceae,g__Azovibrio,
Otu119,1,0,0,0,0,0,470,95,1736,127,194,8,k__Bacteria,p__Firmicutes,c__Clostridia,o__Clostridiales,f__Eubacteriaceae,,
Otu110,44,39,26,118,25,51,97,146,848,97,218,29,k__Bacteria,p__Firmicutes,c__Clostridia,o__Clostridiales,f__Christensenellaceae,g__Christensenellaceae R-7 group,
Otu113,20,267,10,120,15,30,106,188,487,38,156,147,k__Bacteria,p__Proteobacteria,c__Deltaproteobacteria,o__Desulfobacterales,f__Desulfobulbaceae,g__Desulfobulbus,
Otu153,315,12,209,5,697,18,78,23,23,6,44,1,k__Bacteria,p__Proteobacteria,c__Deltaproteobacteria,o__Desulfovibrionales,f__Desulfovibrionaceae,g__Desulfovibrio,
Otu193,70,11,47,279,16,46,79,102,644,37,73,13,k__Bacteria,p__Firmicutes,c__Clostridia,o__Clostridiales,f__Christensenellaceae,g__Christensenellaceae R-7 group,
Otu122,1867,175,334,388,287,89,105,180,242,174,5,2,k__Bacteria,p__Tenericutes,c__Mollicutes,o__Acholeplasmatales,f__Acholeplasmataceae,g__Acholeplasma,
Otu139,780,113,312,1130,200,42,48,41,715,81,12,0,k__Bacteria,p__Bacteroidetes,c__Bacteroidia,o__Bacteroidales,f__Rikenellaceae,g__vadinBC27 wastewater-sludge group,
Otu101,3,312,23,1871,10,484,5,187,221,87,8,66,k__Bacteria,p__Actinobacteria,c__Actinobacteria,o__Micrococcales,f__Microbacteriaceae,g__Leucobacter,
Otu90,670,329,134,2824,206,547,1,3,2,5,0,0,k__Bacteria,p__Proteobacteria,c__Deltaproteobacteria,o__Desulfovibrionales,f__Desulfovibrionaceae,g__Desulfovibrio,
Otu142,476,36,72,193,385,182,28,9,72,42,3,6,k__Bacteria,p__Spirochaetae,c__Spirochaetes,o__Spirochaetales,f__Spirochaetaceae,,
Otu126,3,0,2,18,8,3,97,157,1435,201,151,20,k__Bacteria,p__Chlorobi,c__Ignavibacteria,o__Ignavibacteriales,f__IheB3-7,,
Otu146,0,1,0,1,5,351,1,0,0,0,0,0,k__Bacteria,p__Tenericutes,c__Mollicutes,o__EUB33-2,,,
Otu136,53,21,119,610,77,253,190,167,274,33,74,16,k__Bacteria,p__Cloacimonetes,c__LNR A2-18,,,,
Otu416,5,0,46,22,2,9,12,8,199,26,0,0,k__Bacteria,p__Synergistetes,c__Synergistia,o__Synergistales,f__Synergistaceae,g__Thermovirga,
Otu121,0,0,0,35,0,0,30,103,75,26,458,137,k__Bacteria,p__Proteobacteria,c__Gammaproteobacteria,o__Methylococcales,f__Methylococcaceae,g__Methylocaldum,
Otu138,1,0,0,788,0,199,0,62,3,230,10,317,k__Bacteria,p__Proteobacteria,c__Betaproteobacteria,o__Nitrosomonadales,f__Nitrosomonadaceae,g__Nitrosomonas,
Otu107,58,2,35,143,15,12,666,13,1422,16,507,8,k__Bacteria,p__Spirochaetae,c__Spirochaetes,o__Spirochaetales,f__Spirochaetaceae,,
Otu178,10,6,4,68,14,21,60,193,96,241,115,20,k__Bacteria,p__Cloacimonetes,c__LNR A2-18,,,,
Otu158,62,27,49,89,26,21,111,145,509,80,51,44,k__Bacteria,p__Synergistetes,c__Synergistia,o__Synergistales,f__Synergistaceae,,
Otu133,76,267,29,2040,103,226,1,45,3,387,11,6,k__Bacteria,p__Proteobacteria,c__Deltaproteobacteria,o__Desulfovibrionales,f__Desulfomicrobiaceae,g__Desulfomicrobium,
Otu307,0,0,0,0,0,0,0,8,12,709,0,7,k__Bacteria,p__Proteobacteria,c__Betaproteobacteria,o__Rhodocyclales,f__Rhodocyclaceae,g__Denitratisoma,
Otu149,17,2,36,715,14,198,1,21,1,13,3,0,k__Bacteria,p__Proteobacteria,c__Gammaproteobacteria,o__Pseudomonadales,f__Pseudomonadaceae,g__Pseudomonas,
Otu187,10,7,3,46,13,17,66,176,86,240,135,12,k__Bacteria,p__Cloacimonetes,c__LNR A2-18,,,,
Otu92,49,3,11,10,73,3,1033,1,8976,15,2,0,k__Bacteria,p__Proteobacteria,c__Deltaproteobacteria,o__Desulfobacterales,f__Desulfobulbaceae,,
Otu125,101,49,66,791,0,2,0,4,81,34,200,70,k__Bacteria,p__Tenericutes,c__Mollicutes,o__NB1-n,f__RFN82,,
Otu218,6,1730,19,850,2,27,6,80,312,40,0,0,k__Bacteria,p__Proteobacteria,c__Betaproteobacteria,o__Burkholderiales,f__Comamonadaceae,g__Hydrogenophaga,
Otu118,2,24,0,209,2,179,0,362,127,26,6,166,k__Bacteria,p__Proteobacteria,c__Alphaproteobacteria,o__Rhizobiales,f__Hyphomicrobiaceae,g__Devosia,
Otu123,3,10,8,246,38,380,2,4,17,21,1,2,k__Bacteria,p__Proteobacteria,c__Alphaproteobacteria,o__Rhodospirillales,f__Rhodospirillaceae,g__Azospirillum,
Otu255,0,0,0,2,0,0,0,1058,1,1222,0,2,k__Bacteria,p__Proteobacteria,c__Betaproteobacteria,o__Nitrosomonadales,f__Nitrosomonadaceae,g__Nitrosomonas,
Otu116,1,0,13,35,0,5,4,41,8,82,372,28,k__Bacteria,p__Proteobacteria,c__Gammaproteobacteria,o__Xanthomonadales,f__Xanthomonadaceae,g__Arenimonas,
Otu156,24,74,27,624,5,222,5,281,76,537,12,68,k__Bacteria,p__Chloroflexi,c__Anaerolineae,o__Anaerolineales,f__Anaerolineaceae,,
Otu140,72,12,5,7,52,225,24,124,6,4,39,4,k__Bacteria,p__Proteobacteria,c__Betaproteobacteria,o__Rhodocyclales,f__Rhodocyclaceae,g__Azonexus,
Otu131,1716,130,300,234,17,43,138,357,1029,119,65,19,k__Bacteria,p__Tenericutes,c__Mollicutes,o__Acholeplasmatales,f__Acholeplasmataceae,g__Acholeplasma,
Otu172,2,4,1,9,0,0,21,326,48,32,143,69,k__Bacteria,p__Cloacimonetes,c__LNR A2-18,,,,
Otu185,0,0,1,1,0,0,0,0,0,4,0,0,k__Bacteria,p__Firmicutes,c__Bacilli,o__Lactobacillales,f__Lactobacillaceae,g__Lactobacillus,
Otu207,29,8,5,74,32,21,107,90,1077,28,87,6,k__Bacteria,p__Bacteroidetes,c__Bacteroidia,o__Bacteroidales,f__Rikenellaceae,g__vadinBC27 wastewater-sludge group,
Otu151,1,0,10,0,10,0,208,6,501,58,263,163,k__Bacteria,p__Chloroflexi,c__Anaerolineae,o__Anaerolineales,f__Anaerolineaceae,g__Candidatus Villogracilis,
Otu236,60,0,20,16,74,35,66,70,18,34,19,13,k__Bacteria,p__Proteobacteria,c__Deltaproteobacteria,o__Desulfovibrionales,f__Desulfovibrionaceae,g__Desulfovibrio,
Otu166,31,23,21,47,54,60,99,75,518,35,174,48,k__Bacteria,p__Firmicutes,c__Clostridia,o__Clostridiales,f__Christensenellaceae,g__Christensenellaceae R-7 group,
Otu134,3,2,10,72,1,21,0,59,7,28,124,49,k__Bacteria,p__Proteobacteria,c__Deltaproteobacteria,o__Myxococcales,f__Phaselicystidaceae,g__Phaselicystis,
Otu203,36,75,7,88,20,35,61,140,233,74,35,27,k__Bacteria,p__Elusimicrobia,c__Elusimicrobia,o__Lineage I (Endomicrobia),,,
Otu200,36,39,41,263,23,70,17,12,2,20,18,52,k__Bacteria,p__Proteobacteria,c__Deltaproteobacteria,o__Oligoflexales,,,
Otu145,68,102,31,548,46,242,2,28,30,7,8,39,k__Bacteria,p__Proteobacteria,c__Betaproteobacteria,o__Burkholderiales,f__Alcaligenaceae,g__Parapusillimonas,
Otu287,1,1,0,0,2,1,0,0,0,0,0,3,k__Bacteria,p__Acidobacteria,c__Holophagae,o__Holophagales,f__Holophagaceae,g__Geothrix,
Otu141,39,15,6,4,32,11,122,26,91,10,322,40,k__Bacteria,p__Proteobacteria,c__Deltaproteobacteria,o__Desulfovibrionales,f__Desulfomicrobiaceae,g__Desulfomicrobium,
Otu209,0,0,0,0,1,0,226,78,1030,98,134,11,k__Bacteria,p__Synergistetes,c__Synergistia,o__Synergistales,f__Synergistaceae,g__Lactivibrio,
Otu128,0,1,1,9,6,670,0,3,1,62,1,30,k__Bacteria,p__Proteobacteria,c__Alphaproteobacteria,o__Caulobacterales,f__Caulobacteraceae,g__Phenylobacterium,
Otu150,35,18,22,147,18,30,116,253,1153,368,26,4,k__Bacteria,p__Firmicutes,c__Clostridia,o__Clostridiales,f__Family XI,,
Otu159,5,22,3,45,7,73,1,111,12,27,2,23,k__Bacteria,p__Proteobacteria,c__Alphaproteobacteria,o__Rhodobacterales,f__Rhodobacteraceae,g__Rhodobacter,
Otu160,191,107,32,1381,211,63,18,6,11,63,1,1,k__Bacteria,p__Firmicutes,c__Clostridia,o__Clostridiales,f__Family XII,g__Fusibacter,
Otu175,199,28,237,526,60,120,86,165,521,187,29,9,k__Bacteria,p__Synergistetes,c__Synergistia,o__Synergistales,f__Synergistaceae,,
Otu189,37,5,23,316,21,39,107,147,689,65,106,16,k__Bacteria,p__Firmicutes,c__Clostridia,o__Clostridiales,f__Christensenellaceae,g__Christensenellaceae R-7 group,
Otu127,0,376,4,1742,0,46,0,81,0,7,27,47,k__Bacteria,p__Proteobacteria,c__Alphaproteobacteria,o__Rhizobiales,f__Phyllobacteriaceae,g__Aquamicrobium,
Otu164,90,35,3,80,65,280,10,17,6,5,15,2,k__Bacteria,p__Proteobacteria,c__Gammaproteobacteria,o__Pseudomonadales,f__Pseudomonadaceae,g__Pseudomonas,
Otu261,0,0,0,3,0,2,101,84,550,68,84,2,k__Bacteria,p__Firmicutes,c__Clostridia,o__Clostridiales,f__Christensenellaceae,g__Christensenellaceae R-7 group,
Otu143,7,9,27,237,43,951,1,0,78,1,3,0,k__Bacteria,p__Proteobacteria,c__Gammaproteobacteria,o__Xanthomonadales,f__Xanthomonadaceae,g__Stenotrophomonas,
Otu148,0,291,18,555,0,736,0,57,0,14,2,34,k__Bacteria,p__Bacteroidetes,c__Flavobacteriia,o__Flavobacteriales,f__Cryomorphaceae,g__Fluviicola,
Otu188,0,0,0,0,0,0,42,72,601,65,124,8,k__Bacteria,p__Actinobacteria,c__Actinobacteria,o__Actinomycetales,f__Actinomycetaceae,,
Otu130,20,0,13,21,18,435,3,38,0,0,10,0,k__Bacteria,p__Bacteroidetes,c__Flavobacteriia,o__Flavobacteriales,f__Flavobacteriaceae,g__Flavobacterium,
Otu155,16,25,80,274,62,54,22,11,1309,57,40,3,k__Bacteria,p__Proteobacteria,c__Deltaproteobacteria,o__Syntrophobacterales,f__Syntrophaceae,g__Smithella,
Otu195,127,97,61,59,47,33,43,56,190,29,40,59,k__Bacteria,p__Firmicutes,c__Erysipelotrichia,o__Erysipelotrichales,f__Erysipelotrichaceae,g__Erysipelothrix,
Otu129,10,329,39,3917,0,2,0,21,1,172,1,12,k__Bacteria,p__Chlamydiae,c__Chlamydiae,o__Chlamydiales,f__Parachlamydiaceae,g__Candidatus Protochlamydia,
Otu154,9,2,12,137,26,66,11,174,356,18,25,217,k__Bacteria,p__Chlorobi,c__Chlorobia,o__Chlorobiales,f__OPB56,,
Otu199,425,4,12,9,80,5,254,3,378,5,182,0,k__Bacteria,p__Cloacimonetes,c__GZKB75,,,,
Otu210,4,1,0,6,1,0,18,294,59,37,124,68,k__Bacteria,p__Cloacimonetes,c__LNR A2-18,,,,
Otu163,67,8,203,302,30,80,63,48,329,114,53,16,k__Bacteria,p__Chloroflexi,c__Anaerolineae,o__Anaerolineales,f__Anaerolineaceae,,
Otu190,31,6,14,29,27,21,33,808,3,140,66,151,k__Bacteria,p__Proteobacteria,c__Epsilonproteobacteria,o__Campylobacterales,f__Campylobacteraceae,g__Arcobacter,
Otu325,0,0,0,0,0,0,0,0,0,0,0,0,k__Bacteria,p__Proteobacteria,c__Betaproteobacteria,o__Burkholderiales,f__Comamonadaceae,g__Acidovorax,
Otu167,1,9,1,38,2,53,1,151,24,209,17,107,k__Bacteria,p__Proteobacteria,c__Alphaproteobacteria,o__Rhizobiales,f__Hyphomicrobiaceae,g__Devosia,
Otu197,13,4,3,12,28,100,22,44,2,10,9,3,k__Bacteria,p__Proteobacteria,c__Epsilonproteobacteria,o__Campylobacterales,f__Campylobacteraceae,g__Arcobacter,
Otu144,1,0,5,48,3,2,101,111,1678,284,124,9,k__Bacteria,p__Chlorobi,c__Ignavibacteria,o__Ignavibacteriales,f__SR-FBR-L83,,
Otu191,278,31,63,24,193,27,27,9,15,12,31,15,k__Bacteria,p__Proteobacteria,c__Deltaproteobacteria,o__Desulfovibrionales,f__Desulfovibrionaceae,g__Desulfovibrio,
Otu171,177,47,123,500,182,372,0,3,6,15,0,0,k__Bacteria,p__Tenericutes,c__Mollicutes,o__Acholeplasmatales,f__Acholeplasmataceae,g__Acholeplasma,
Otu169,56,9,26,120,23,50,162,111,324,114,32,5,k__Bacteria,p__Spirochaetae,c__Spirochaetes,o__Spirochaetales,f__Leptospiraceae,,
Otu157,94,16,29,18,143,281,7,3,7,1,11,1,k__Bacteria,p__Proteobacteria,c__Deltaproteobacteria,o__Desulfobacterales,f__Desulfobacteraceae,g__Desulfatiferula,
Otu225,3,6,0,91,0,81,0,1468,0,116,1,89,k__Bacteria,p__Gemmatimonadetes,c__Gemmatimonadetes,o__Gemmatimonadales,f__Gemmatimonadaceae,,
Otu339,1,0,0,0,1,1,1,3,0,0,2,1,k__Bacteria,p__Proteobacteria,c__Betaproteobacteria,o__Rhodocyclales,f__Rhodocyclaceae,g__Zoogloea,
Otu201,228,31,105,61,109,82,14,16,58,9,15,4,k__Bacteria,p__Firmicutes,c__Clostridia,o__Clostridiales,f__Clostridiaceae 1,g__Proteiniclasticum,
Otu214,0,0,0,0,0,0,214,241,2269,164,30,6,k__Bacteria,p__Saccharibacteria,,,,,
Otu147,0,0,8,75,2,80,0,147,149,2,10,49,k__Bacteria,p__Proteobacteria,c__Gammaproteobacteria,o__Legionellales,f__Legionellaceae,g__Legionella,
Otu250,22,1,40,41,25,8,18,18,113,75,11,147,k__Bacteria,p__Spirochaetae,c__Spirochaetes,o__Spirochaetales,f__Spirochaetaceae,g__Treponema 2,
Otu208,130,1,62,2,152,0,300,3,343,3,114,0,k__Bacteria,p__Spirochaetae,c__Spirochaetes,o__Spirochaetales,f__Spirochaetaceae,,
Otu180,0,20,0,151,0,15,0,76,18,116,83,92,k__Bacteria,p__Proteobacteria,c__Alphaproteobacteria,o__Rhizobiales,f__Phyllobacteriaceae,g__Mesorhizobium,
