OTU,S1,S2,S3,S4,S5,S6,S7,S8,S9,Kingdom,Phylum,Class,Order,Family,Genus,Species
ASV3,109823,62590,124787,12658,6091,1883,43,0,50,k__Bacteria,p__Proteobacteria,c__Deltaproteobacteria,o__Desulfuromonadales,f__Desulfuromonadaceae,g__Desulfuromonas,
ASV1,0,0,0,49069,56898,31497,386,80,465,k__Bacteria,p__Proteobacteria,c__Deltaproteobacteria,o__Desulfuromonadales,f__BVA18,,
ASV2,0,0,0,14573,60493,18067,11623,5320,32826,k__Bacteria,p__Firmicutes,c__Bacilli,o__Lactobacillales,f__Carnobacteriaceae,g__Trichococcus,
ASV8,47446,195,195,0,0,0,0,0,0,k__Bacteria,p__Proteobacteria,c__Deltaproteobacteria,o__Desulfuromonadales,f__Desulfuromonadaceae,g__Desulfuromonas,
ASV9,66,63,99,514,360,246,1608,2187,13133,k__Bacteria,p__Verrucomicrobia,c__OPB35 soil group,,,,
ASV6,918,590,1211,667,1121,389,1098,1533,9558,k__Bacteria,p__Bacteroidetes,c__Sphingobacteriia,o__Sphingobacteriales,f__KD1-131,,
ASV13,1564,799,1443,1829,881,488,2004,439,2625,k__Bacteria,p__Synergistetes,c__Synergistia,o__Synergistales,f__Synergistaceae,g__uncultured,
ASV14,0,0,20,357,298,112,1169,1359,5009,k__Bacteria,p__Proteobacteria,c__Gammaproteobacteria,,,,
ASV11,37,2745,5904,856,671,392,265,0,232,k__Bacteria,p__Bacteroidetes,c__Bacteroidia,o__Bacteroidales,f__Rikenellaceae,g__Blvii28 wastewater-sludge group,
ASV18,5137,1873,4865,292,0,0,0,103,316,k__Bacteria,p__Bacteroidetes,c__Bacteroidia,o__Bacteroidales,f__Rikenellaceae,g__Blvii28 wastewater-sludge group,
ASV12,143,63,136,2539,3091,1703,133,148,432,k__Bacteria,p__Bacteroidetes,c__Sphingobacteriia,o__Sphingobacteriales,f__WCHB1-69,,
ASV26,308,134,330,54,155,69,850,947,4583,k__Bacteria,p__Bacteroidetes,c__Bacteroidia,o__Bacteroidales,f__Porphyromonadaceae,g__uncultured,
ASV4,104,352,1028,0,69,0,4811,228,777,k__Bacteria,p__Proteobacteria,c__Betaproteobacteria,o__Rhodocyclales,f__Rhodocyclaceae,g__Thauera,
ASV21,116,65,305,21,51,0,2565,609,3201,k__Bacteria,p__Proteobacteria,c__Betaproteobacteria,o__Burkholderiales,f__Comamonadaceae,g__Hydrogenophaga,
ASV20,1460,750,1523,723,1552,829,307,87,519,k__Bacteria,p__Bacteroidetes,c__Bacteroidia,o__Bacteroidales,f__Rikenellaceae,g__vadinBC27 wastewater-sludge group,
ASV10,18,0,18,0,77,27,1496,533,4265,k__Bacteria,p__Proteobacteria,c__Gammaproteobacteria,o__Xanthomonadales,f__Xanthomonadaceae,g__Aquimonas,
ASV22,2144,982,2935,130,224,152,331,114,626,k__Bacteria,p__Spirochaetae,c__Spirochaetes,o__Spirochaetales,f__Spirochaetaceae,g__uncultured,
ASV5,0,0,327,0,123,22,165,365,5712,k__Bacteria,p__Proteobacteria,c__Betaproteobacteria,o__Rhodocyclales,f__Rhodocyclaceae,g__Azoarcus,
ASV19,31,37,113,0,0,0,0,1002,2736,k__Bacteria,p__Bacteroidetes,c__Bacteroidia,o__Bacteroidales,f__Marinilabiaceae,g__Mangroviflexus,
ASV33,0,1700,4848,0,0,0,0,0,0,k__Bacteria,p__Proteobacteria,c__Betaproteobacteria,o__Rhodocyclales,f__Rhodocyclaceae,g__uncultured,
ASV34,190,24,56,6,190,41,1605,271,2093,k__Bacteria,p__Bacteroidetes,c__Bacteroidetes VC2.1 Bac22,,,,
ASV49,12,18,77,225,258,126,1671,302,1133,k__Bacteria,p__Proteobacteria,c__Deltaproteobacteria,o__Desulfobacterales,f__Desulfobulbaceae,g__Desulfobulbus,
ASV29,589,283,480,323,325,156,485,261,1463,k__Bacteria,p__Synergistetes,c__Synergistia,o__Synergistales,f__Synergistaceae,g__uncultured,
ASV41,0,0,59,25,23,8,2920,56,284,k__Bacteria,p__Proteobacteria,c__Alphaproteobacteria,o__Rhizobiales,f__Phyllobacteriaceae,,
ASV43,811,312,781,1054,398,279,270,86,383,k__Bacteria,p__Synergistetes,c__Synergistia,o__Synergistales,f__Synergistaceae,g__uncultured,
ASV31,324,157,418,465,830,316,453,124,657,k__Bacteria,p__Firmicutes,c__Clostridia,o__Clostridiales,f__Christensenellaceae,g__Christensenellaceae R-7 group,
ASV25,1304,326,846,154,272,74,1049,27,236,k__Bacteria,p__Bacteroidetes,c__Sphingobacteriia,o__Sphingobacteriales,f__WCHB1-69,,
ASV76,0,25,88,6,29,37,2160,144,391,k__Bacteria,p__Proteobacteria,c__Betaproteobacteria,o__Hydrogenophilales,f__Hydrogenophilaceae,g__uncultured,
ASV37,764,746,1905,95,198,49,114,69,508,k__Bacteria,p__Bacteroidetes,c__Bacteroidia,o__Bacteroidales,f__Porphyromonadaceae,g__Petrimonas,
ASV79,0,0,0,0,0,0,489,623,904,k__Bacteria,p__Planctomycetes,c__Planctomycetacia,o__Planctomycetales,f__Planctomycetaceae,g__Pirellula,
ASV17,28,28,117,0,211,71,137,221,3150,k__Bacteria,p__Proteobacteria,c__Alphaproteobacteria,o__Rhodobacterales,f__Rhodobacteraceae,g__uncultured,
ASV28,0,10,38,0,13,0,618,394,1802,k__Bacteria,p__Planctomycetes,c__Planctomycetacia,o__Planctomycetales,f__Planctomycetaceae,g__Planctomyces,
ASV32,87,0,62,15,0,0,777,324,1578,k__Bacteria,p__Bacteroidetes,c__Bacteroidia,o__Bacteroidia Incertae Sedis,f__Draconibacteriaceae,g__uncultured,
ASV30,0,54,222,22,232,67,263,368,1531,k__Bacteria,p__Proteobacteria,c__Betaproteobacteria,o__Burkholderiales,f__Comamonadaceae,g__Hydrogenophaga,
ASV55,279,0,37,257,355,291,487,173,956,k__Archaea,p__Euryarchaeota,c__Methanomicrobia,o__Methanomicrobiales,f__Methanocorpusculaceae,g__Methanocorpusculum,
ASV52,2598,630,1090,29,66,33,0,5,28,k__Bacteria,p__Synergistetes,c__Synergistia,o__Synergistales,f__Synergistaceae,g__Aminivibrio,
ASV71,0,0,81,32,201,95,1149,182,772,k__Bacteria,p__Proteobacteria,c__Betaproteobacteria,o__Burkholderiales,f__Comamonadaceae,g__Acidovorax,
ASV46,827,872,2020,88,21,0,0,29,0,k__Bacteria,p__Spirochaetae,c__Spirochaetes,o__Spirochaetales,f__Leptospiraceae,g__uncultured,
ASV50,342,297,805,39,213,67,227,188,848,k__Bacteria,p__Bacteroidetes,c__Bacteroidia,o__Bacteroidia Incertae Sedis,f__Draconibacteriaceae,g__uncultured,
ASV59,144,623,1519,728,252,135,0,0,0,k__Bacteria,p__Bacteroidetes,c__Bacteroidia,o__Bacteroidales,f__Rikenellaceae,g__Blvii28 wastewater-sludge group,
ASV15,39,27,141,0,20,0,234,288,1771,k__Bacteria,p__Proteobacteria,c__Alphaproteobacteria,o__Rhodobacterales,f__Rhodobacteraceae,g__Stappia,
ASV66,0,0,38,0,57,14,504,267,1241,k__Bacteria,p__Verrucomicrobia,c__Verrucomicrobiae,o__Verrucomicrobiales,f__Verrucomicrobiaceae,,
ASV67,0,6,0,0,0,0,867,266,697,k__Bacteria,p__Chloroflexi,c__Anaerolineae,o__Anaerolineales,f__Anaerolineaceae,g__uncultured,
ASV38,0,0,0,158,1690,368,90,61,178,k__Bacteria,p__Proteobacteria,c__Deltaproteobacteria,o__Desulfuromonadales,f__Desulfuromonadaceae,g__Pelobacter,
ASV126,0,0,0,0,0,0,1484,89,355,k__Bacteria,p__Gemmatimonadetes,c__Gemmatimonadetes,o__Gemmatimonadales,f__Gemmatimonadaceae,g__uncultured,
ASV111,2785,426,370,0,0,0,0,0,0,k__Bacteria,p__Proteobacteria,c__Deltaproteobacteria,o__Desulfuromonadales,f__Desulfuromonadaceae,g__Desulfuromonas,
ASV116,0,0,0,0,0,0,1213,152,369,k__Bacteria,p__Proteobacteria,c__Alphaproteobacteria,o__Rhizobiales,f__Phyllobacteriaceae,g__Aquamicrobium,
ASV57,657,417,974,151,167,105,93,33,194,k__Bacteria,p__Synergistetes,c__Synergistia,o__Synergistales,f__Synergistaceae,g__uncultured,
ASV54,0,40,76,916,729,354,105,0,0,k__Bacteria,p__Spirochaetae,c__Spirochaetes,o__Spirochaetales,f__Spirochaetaceae,g__uncultured,
ASV130,21,0,61,32,126,73,793,154,605,k__Bacteria,p__Proteobacteria,c__Epsilonproteobacteria,o__Campylobacterales,f__Campylobacteraceae,g__Arcobacter,
ASV151,0,0,0,130,0,0,1334,78,239,k__Bacteria,p__Proteobacteria,c__Alphaproteobacteria,o__Rhodospirillales,f__Rhodospirillaceae,g__Azospirillum,
ASV48,149,37,82,315,656,331,128,75,349,k__Bacteria,p__Firmicutes,c__Clostridia,o__Clostridiales,f__Eubacteriaceae,g__Acetobacterium,
ASV106,0,28,60,0,25,0,176,230,1376,k__Bacteria,p__Chlorobi,c__Chlorobia,o__Chlorobiales,f__OPB56,,
ASV51,0,0,0,0,0,0,0,254,1623,k__Bacteria,p__Firmicutes,c__Clostridia,o__Clostridiales,f__Christensenellaceae,g__Christensenellaceae R-7 group,
ASV47,159,120,236,373,227,99,263,61,542,k__Bacteria,p__Synergistetes,c__Synergistia,o__Synergistales,f__Synergistaceae,,
ASV98,1756,280,605,101,0,0,167,0,0,k__Bacteria,p__Tenericutes,c__Mollicutes,o__Acholeplasmatales,f__Acholeplasmataceae,g__Acholeplasma,
ASV97,0,0,0,0,0,0,55,321,1027,k__Bacteria,p__Proteobacteria,c__Betaproteobacteria,o__Nitrosomonadales,f__Nitrosomonadaceae,g__Nitrosomonas,
ASV7,0,0,87,0,31,0,1006,70,579,k__Bacteria,p__Proteobacteria,c__Gammaproteobacteria,o__Alteromonadales,f__Alteromonadaceae,g__Alishewanella,
ASV23,0,0,0,317,2286,0,0,0,0,k__Bacteria,p__Firmicutes,c__Bacilli,o__Lactobacillales,f__Carnobacteriaceae,g__Trichococcus,
ASV91,310,636,1203,76,65,55,25,0,0,k__Bacteria,p__Proteobacteria,c__Deltaproteobacteria,o__Desulfovibrionales,f__Desulfovibrionaceae,g__Desulfovibrio,
ASV64,129,95,210,445,450,141,118,72,213,k__Bacteria,p__Bacteroidetes,c__Sphingobacteriia,o__Sphingobacteriales,f__KD1-131,,
ASV63,318,168,587,282,440,138,74,25,143,k__Bacteria,p__Firmicutes,c__Clostridia,o__Clostridiales,f__Family XIII,g__Anaerovorax,
ASV85,0,64,119,48,0,0,721,141,307,k__Bacteria,p__Proteobacteria,c__Betaproteobacteria,o__Rhodocyclales,f__Rhodocyclaceae,g__Dechloromonas,
ASV68,0,0,0,29,411,219,110,141,638,k__Bacteria,p__Proteobacteria,c__Gammaproteobacteria,o__Methylococcales,f__Methylococcaceae,g__Methylocaldum,
ASV27,463,544,1418,0,0,0,0,0,0,k__Bacteria,p__Proteobacteria,c__Deltaproteobacteria,o__Desulfovibrionales,f__Desulfomicrobiaceae,g__Desulfomicrobium,
ASV92,287,94,191,164,144,95,176,108,435,k__Bacteria,p__Firmicutes,c__Negativicutes,o__Selenomonadales,f__Veillonellaceae,g__uncultured,
ASV107,126,63,117,238,92,73,262,106,543,k__Bacteria,p__Synergistetes,c__Synergistia,o__Synergistales,f__Synergistaceae,g__uncultured,
ASV131,1539,0,0,135,77,46,352,21,115,k__Bacteria,p__Tenericutes,c__Mollicutes,o__Acholeplasmatales,f__Acholeplasmataceae,g__Acholeplasma,
ASV36,0,0,0,0,166,41,0,109,1559,k__Bacteria,p__Proteobacteria,c__Gammaproteobacteria,o__Xanthomonadales,f__Xanthomonadaceae,g__Arenimonas,
ASV95,186,562,1354,0,0,0,0,0,0,k__Bacteria,p__Proteobacteria,c__Deltaproteobacteria,o__Desulfovibrionales,f__Desulfovibrionaceae,g__Desulfovibrio,
ASV213,0,0,212,86,68,0,774,96,0,k__Bacteria,p__Proteobacteria,c__Betaproteobacteria,o__Rhodocyclales,f__Rhodocyclaceae,g__Thauera,
ASV70,284,204,611,184,190,60,162,25,100,k__Bacteria,p__Firmicutes,c__Clostridia,o__Clostridiales,f__Family XIII,g__uncultured,
ASV78,0,0,0,0,0,0,352,171,665,k__Bacteria,p__Proteobacteria,c__Alphaproteobacteria,o__Rhizobiales,f__Hyphomicrobiaceae,g__Devosia,
ASV90,127,84,184,378,389,155,83,31,120,k__Bacteria,p__Firmicutes,c__Negativicutes,o__Selenomonadales,f__Veillonellaceae,g__uncultured,
ASV74,0,0,0,0,0,0,0,238,908,k__Bacteria,p__Spirochaetae,c__Spirochaetes,o__Spirochaetales,f__Spirochaetaceae,g__Treponema 2,
ASV242,0,0,0,1480,0,0,0,0,0,k__Bacteria,p__Proteobacteria,c__Deltaproteobacteria,o__Desulfuromonadales,f__Geobacteraceae,g__Geobacter,
ASV360,0,0,0,0,0,0,596,196,39,k__Bacteria,p__Planctomycetes,c__Phycisphaerae,o__Phycisphaerales,f__Phycisphaeraceae,g__SM1A02,
ASV40,8,0,0,0,0,14,0,84,1621,k__Bacteria,p__Verrucomicrobia,c__Spartobacteria,o__Chthoniobacterales,f__FukuN18 freshwater group,,
ASV119,0,0,0,200,247,107,0,165,402,k__Bacteria,p__Chloroflexi,c__Anaerolineae,o__Anaerolineales,f__Anaerolineaceae,g__Candidatus Villogracilis,
ASV100,82,97,285,185,243,104,50,43,492,k__Bacteria,p__Bacteroidetes,c__Bacteroidia,o__Bacteroidales,f__Porphyromonadaceae,g__Macellibacteroides,
ASV113,108,90,147,392,100,0,506,0,90,k__Bacteria,p__Proteobacteria,c__Deltaproteobacteria,o__Desulfuromonadales,f__Geobacteraceae,g__Geobacter,
ASV155,0,0,0,147,152,80,511,50,258,k__Bacteria,p__Bacteroidetes,c__Sphingobacteriia,o__Sphingobacteriales,f__WCHB1-69,,
ASV212,0,0,0,0,0,0,848,25,355,k__Bacteria,p__Proteobacteria,c__Gammaproteobacteria,o__Methylococcales,f__Methylococcaceae,g__Methylomonas,
ASV262,0,0,0,1346,0,0,0,0,0,k__Bacteria,p__Proteobacteria,c__Deltaproteobacteria,o__Desulfuromonadales,f__Geobacteraceae,g__Geobacter,
ASV45,0,0,0,0,913,415,0,0,0,k__Bacteria,p__Proteobacteria,c__Betaproteobacteria,o__Rhodocyclales,f__Rhodocyclaceae,,
ASV88,59,0,54,657,338,172,0,8,70,k__Bacteria,p__Spirochaetae,c__Spirochaetes,o__Spirochaetales,f__Spirochaetaceae,g__uncultured,
ASV105,0,0,42,90,112,50,162,139,467,k__Bacteria,p__Proteobacteria,c__Deltaproteobacteria,o__Desulfobacterales,f__Desulfobulbaceae,g__Desulfobulbus,
ASV93,481,376,924,26,0,0,0,0,0,k__Bacteria,p__Spirochaetae,c__Spirochaetes,o__Spirochaetales,f__Spirochaetaceae,g__uncultured,
ASV158,0,0,0,0,0,0,464,97,520,k__Bacteria,p__Actinobacteria,c__Thermoleophilia,o__Solirubrobacterales,f__480-2,g__K2-78,
ASV311,0,0,0,0,0,0,1005,0,0,k__Bacteria,p__Proteobacteria,c__Betaproteobacteria,o__Nitrosomonadales,f__Nitrosomonadaceae,g__Nitrosomonas,
ASV260,48,79,81,978,24,24,0,0,0,k__Bacteria,p__Proteobacteria,c__Deltaproteobacteria,o__Desulfobacterales,f__Desulfobulbaceae,g__uncultured,
ASV154,0,5,0,0,0,0,750,36,230,k__Bacteria,p__Proteobacteria,c__Alphaproteobacteria,o__Rhizobiales,f__Hyphomicrobiaceae,g__Devosia,
ASV44,0,164,493,3,214,72,57,45,273,k__Bacteria,p__Proteobacteria,c__Betaproteobacteria,o__Hydrogenophilales,f__Hydrogenophilaceae,g__Thiobacillus,
ASV115,120,17,100,46,95,65,189,74,428,k__Bacteria,p__Bacteroidetes,c__Bacteroidia,o__Bacteroidales,f__Porphyromonadaceae,g__Proteiniphilum,
ASV143,0,0,0,459,191,212,100,9,74,k__Bacteria,p__Firmicutes,c__Clostridia,o__Clostridiales,f__Eubacteriaceae,g__uncultured,
ASV146,393,68,182,249,339,154,0,0,0,k__Bacteria,p__Cloacimonetes,c__GZKB75,,,,
ASV53,472,310,827,0,0,0,9,0,17,k__Bacteria,p__Cloacimonetes,c__LNR A2-18,,,,
ASV87,224,106,256,56,172,87,53,47,212,k__Bacteria,p__Spirochaetae,c__Spirochaetes,o__Spirochaetales,f__Leptospiraceae,g__Leptonema,
ASV58,0,0,0,0,18,0,251,85,651,k__Bacteria,p__Proteobacteria,c__Alphaproteobacteria,o__Caulobacterales,f__Hyphomonadaceae,g__Hyphomonas,
ASV159,0,0,0,23,132,0,323,69,441,k__Bacteria,p__Cloacimonetes,c__LNR A2-18,,,,
ASV144,123,149,407,308,141,92,0,0,0,k__Bacteria,p__Spirochaetae,c__Spirochaetes,o__Spirochaetales,f__Spirochaetaceae,g__uncultured,
ASV348,0,0,0,0,0,0,865,0,0,k__Bacteria,p__Bacteroidetes,c__Bacteroidia,o__Bacteroidia Incertae Sedis,f__Draconibacteriaceae,g__uncultured,
ASV148,581,182,326,222,59,0,17,0,40,k__Bacteria,p__Bacteroidetes,c__Bacteroidia,o__Bacteroidales,f__Rikenellaceae,g__Blvii28 wastewater-sludge group,
ASV171,3,0,0,0,18,0,178,77,768,k__Bacteria,p__Bacteroidetes,c__Cytophagia,o__Cytophagales,f__Cytophagaceae,g__Leadbetterella,
ASV94,341,153,467,78,183,68,20,9,0,k__Bacteria,p__Firmicutes,c__Clostridia,o__Clostridiales,f__Peptostreptococcaceae,g__Acetoanaerobium,
ASV123,0,0,5,0,0,0,155,108,619,k__Bacteria,p__Proteobacteria,c__Alphaproteobacteria,o__Rhizobiales,f__Hyphomicrobiaceae,g__Devosia,
ASV165,757,187,408,48,0,0,40,0,15,k__Bacteria,p__Bacteroidetes,c__Bacteroidia,o__Bacteroidales,f__Rikenellaceae,g__vadinBC27 wastewater-sludge group,
ASV216,0,24,0,0,6,0,540,42,216,k__Bacteria,p__Proteobacteria,c__Gammaproteobacteria,o__Cellvibrionales,f__Porticoccaceae,g__C1-B045,
ASV120,0,0,0,0,43,0,73,94,761,k__Bacteria,p__Proteobacteria,c__Alphaproteobacteria,o__Rhizobiales,f__Phyllobacteriaceae,g__Mesorhizobium,
ASV346,0,0,0,21,0,0,755,0,50,k__Bacteria,p__Proteobacteria,c__Gammaproteobacteria,o__Xanthomonadales,f__Competibacteraceae,,
ASV118,97,0,0,0,232,102,0,70,438,k__Bacteria,p__Tenericutes,c__Mollicutes,o__NB1-n,f__RFN82,,
ASV194,0,0,0,19,98,0,286,65,388,k__Bacteria,p__Cloacimonetes,c__LNR A2-18,,,,
ASV206,67,27,89,24,26,0,156,85,383,k__Bacteria,p__Bacteroidetes,c__Bacteroidia,o__Bacteroidales,f__Porphyromonadaceae,g__Proteiniphilum,
ASV169,254,218,476,15,43,0,79,7,58,k__Bacteria,p__Bacteroidetes,c__Bacteroidia,o__Bacteroidales,f__Porphyromonadaceae,g__Paludibacter,
ASV510,0,0,0,0,0,0,112,182,121,k__Bacteria,p__Proteobacteria,c__Betaproteobacteria,o__Rhodocyclales,f__Rhodocyclaceae,g__Denitratisoma,
ASV122,44,22,62,102,174,63,144,39,177,k__Bacteria,p__Firmicutes,c__Clostridia,o__Clostridiales,f__Christensenellaceae,g__Christensenellaceae R-7 group,
ASV117,222,49,160,0,42,0,200,57,139,k__Bacteria,p__Proteobacteria,c__Betaproteobacteria,o__Rhodocyclales,f__Rhodocyclaceae,g__uncultured,
ASV82,0,0,0,0,67,30,64,52,691,k__Bacteria,p__Proteobacteria,c__Deltaproteobacteria,o__Myxococcales,f__Phaselicystidaceae,g__Phaselicystis,
ASV189,0,0,0,0,0,0,647,0,56,k__Bacteria,p__Bacteroidetes,c__Cytophagia,o__Order III,f__BIgi5,,
ASV134,0,9,13,0,0,9,281,68,291,k__Bacteria,p__Chloroflexi,c__Anaerolineae,o__Anaerolineales,f__Anaerolineaceae,g__uncultured,
ASV201,56,27,57,112,52,34,147,44,249,k__Bacteria,p__Synergistetes,c__Synergistia,o__Synergistales,f__Synergistaceae,g__uncultured,
ASV161,0,0,0,335,280,165,0,0,0,k__Bacteria,p__Proteobacteria,c__Deltaproteobacteria,o__Desulfobacterales,f__Desulfobulbaceae,g__Desulfobulbus,
ASV129,43,37,80,48,308,133,39,22,113,k__Bacteria,p__Spirochaetae,c__Spirochaetes,o__Spirochaetales,f__Leptospiraceae,g__uncultured,
ASV147,165,70,180,0,335,167,0,0,9,k__Bacteria,p__Proteobacteria,c__Deltaproteobacteria,o__Desulfuromonadales,f__Geobacteraceae,g__Geobacter,
ASV138,0,0,0,124,356,110,0,37,151,k__Bacteria,p__Proteobacteria,c__Deltaproteobacteria,o__Desulfovibrionales,f__Desulfomicrobiaceae,g__Desulfomicrobium,
ASV80,142,233,638,0,0,0,0,0,92,k__Bacteria,p__Spirochaetae,c__Spirochaetes,o__Spirochaetales,f__Spirochaetaceae,g__uncultured,
ASV132,53,134,245,330,0,15,65,0,36,k__Bacteria,p__Hydrogenedentes,,,,,
ASV384,0,0,0,0,0,0,637,0,11,k__Bacteria,p__Planctomycetes,c__Planctomycetacia,o__Planctomycetales,f__Planctomycetaceae,g__Planctomyces,
ASV75,0,0,42,11,0,0,206,66,370,k__Bacteria,p__Actinobacteria,c__Actinobacteria,o__Micrococcales,f__Microbacteriaceae,g__Leucobacter,
ASV109,0,104,208,74,101,54,95,14,187,k__Bacteria,p__Spirochaetae,c__Spirochaetes,o__Spirochaetales,f__PL-11B10,,
ASV197,101,280,380,63,51,34,0,0,0,k__Bacteria,p__Proteobacteria,c__Epsilonproteobacteria,o__Campylobacterales,f__Campylobacteraceae,g__Sulfurospirillum,
ASV164,0,0,0,284,260,172,0,4,0,k__Bacteria,p__Bacteroidetes,c__Bacteroidia,o__Bacteroidales,f__Rikenellaceae,g__Blvii28 wastewater-sludge group,
ASV145,135,47,117,46,80,0,54,65,241,k__Bacteria,p__Firmicutes,c__Erysipelotrichia,o__Erysipelotrichales,f__Erysipelotrichaceae,g__Erysipelothrix,
ASV182,132,178,454,88,41,0,24,9,49,k__Bacteria,p__Spirochaetae,c__Spirochaetes,o__Spirochaetales,f__Spirochaetaceae,g__Spirochaeta 2,
ASV222,0,0,0,0,0,0,632,0,0,k__Bacteria,p__Proteobacteria,c__Gammaproteobacteria,o__Xanthomonadales,f__Xanthomonadaceae,g__Pseudofulvimonas,
ASV430,0,0,0,0,0,0,88,131,259,k__Bacteria,p__Proteobacteria,c__Betaproteobacteria,o__Burkholderiales,f__Comamonadaceae,g__uncultured,
ASV141,0,0,0,0,25,8,204,69,338,k__Bacteria,p__Hydrogenedentes,,,,,
ASV73,65,93,198,43,198,85,83,0,89,k__Bacteria,p__Spirochaetae,c__Spirochaetes,o__Spirochaetales,f__PL-11B10,,
ASV424,0,0,0,0,0,0,605,0,0,k__Bacteria,p__Proteobacteria,c__Betaproteobacteria,o__Nitrosomonadales,f__Nitrosomonadaceae,g__Nitrosomonas,
ASV81,579,202,278,0,0,0,0,0,0,k__Bacteria,p__Proteobacteria,c__Deltaproteobacteria,o__Desulfovibrionales,f__Desulfovibrionaceae,g__Desulfovibrio,
ASV102,157,151,360,58,65,15,80,0,36,k__Bacteria,p__Firmicutes,c__Clostridia,o__Clostridiales,f__Christensenellaceae,g__Christensenellaceae R-7 group,
ASV137,0,0,0,26,238,115,52,45,164,k__Bacteria,p__Actinobacteria,c__Actinobacteria,o__Actinomycetales,f__Actinomycetaceae,,
ASV176,244,192,478,14,0,21,14,0,0,k__Bacteria,p__Proteobacteria,c__Deltaproteobacteria,o__Desulfovibrionales,f__Desulfovibrionaceae,g__Desulfovibrio,
ASV534,0,0,0,0,0,0,0,171,113,k__Bacteria,p__Fusobacteria,c__Fusobacteriia,o__Fusobacteriales,f__Leptotrichiaceae,g__uncultured,
ASV374,0,0,138,391,0,0,189,0,0,k__Bacteria,p__Cloacimonetes,,,,,
ASV121,0,0,0,0,0,0,168,73,306,k__Bacteria,p__Proteobacteria,c__Alphaproteobacteria,o__Rhizobiales,f__Phyllobacteriaceae,g__Aminobacter,
ASV220,0,0,0,0,0,0,285,49,220,k__Bacteria,p__Proteobacteria,c__Alphaproteobacteria,o__Rhizobiales,f__Phyllobacteriaceae,g__Nitratireductor,
ASV83,292,0,164,21,86,23,57,39,117,k__Bacteria,p__Proteobacteria,c__Betaproteobacteria,o__Rhodocyclales,f__Rhodocyclaceae,g__Azovibrio,
ASV125,0,0,0,43,354,112,93,0,109,k__Bacteria,p__Cloacimonetes,,,,,
ASV188,0,0,0,0,0,0,444,18,90,k__Bacteria,p__Bacteroidetes,c__Cytophagia,o__Order III,f__BIgi5,,
ASV149,0,0,0,85,198,132,67,20,89,k__Bacteria,p__Firmicutes,c__Bacilli,o__Lactobacillales,f__Streptococcaceae,g__Lactococcus,
ASV24,0,0,18,0,0,0,202,64,239,k__Bacteria,p__Proteobacteria,c__Alphaproteobacteria,o__Rhodospirillales,f__Rhodospirillaceae,g__Caenispirillum,
ASV157,0,0,0,0,0,0,140,73,315,k__Bacteria,p__Proteobacteria,c__Alphaproteobacteria,o__Rhizobiales,f__Meganemaceae,,
ASV136,51,76,155,187,0,0,166,0,72,k__Bacteria,p__Cloacimonetes,c__LNR A2-18,,,,
ASV313,0,5,10,31,0,0,432,16,32,k__Bacteria,p__Proteobacteria,c__Alphaproteobacteria,o__Rhizobiales,f__Hyphomicrobiaceae,g__Hyphomicrobium,
ASV200,0,0,11,0,0,0,235,42,289,k__Bacteria,p__Proteobacteria,c__Alphaproteobacteria,o__Caulobacterales,f__Caulobacteraceae,g__Brevundimonas,
ASV195,0,0,0,282,230,106,0,0,0,k__Bacteria,p__Spirochaetae,c__Spirochaetes,o__Spirochaetales,f__Spirochaetaceae,g__uncultured,
ASV364,0,0,0,0,0,0,82,107,189,k__Bacteria,p__Bacteroidetes,c__Bacteroidia,o__Bacteroidales,f__Porphyromonadaceae,g__uncultured,
ASV214,22,0,22,112,161,73,160,0,74,k__Bacteria,p__Firmicutes,c__Clostridia,o__Clostridiales,f__Christensenellaceae,g__Christensenellaceae R-7 group,
ASV140,271,43,190,0,0,0,0,50,176,k__Bacteria,p__Actinobacteria,c__Actinobacteria,o__Corynebacteriales,f__Nocardiaceae,g__Rhodococcus,
ASV208,0,0,0,101,136,47,168,23,77,k__Bacteria,p__Chlorobi,c__Ignavibacteria,o__Ignavibacteriales,f__IheB3-7,,
ASV186,6,0,17,0,0,0,112,78,267,k__Bacteria,p__Cyanobacteria,c__ML635J-21,,,,
ASV72,0,0,146,0,0,0,354,0,141,k__Bacteria,p__Proteobacteria,c__Betaproteobacteria,o__Rhodocyclales,f__Rhodocyclaceae,g__Azonexus,
ASV170,0,0,35,0,88,35,65,43,329,k__Bacteria,p__Bacteroidetes,c__Sphingobacteriia,o__Sphingobacteriales,f__Chitinophagaceae,g__uncultured,
ASV239,0,0,0,56,124,59,186,19,81,k__Bacteria,p__Cloacimonetes,c__LNR A2-18,,,,
ASV112,0,0,0,0,92,0,31,48,458,k__Bacteria,p__Bacteroidetes,c__Bacteroidia,o__Bacteroidia Incertae Sedis,f__Draconibacteriaceae,g__uncultured,
ASV257,39,67,202,94,42,0,195,0,0,k__Bacteria,p__Bacteroidetes,c__Bacteroidia,o__Bacteroidales,f__Rikenellaceae,g__vadinBC27 wastewater-sludge group,
ASV183,0,0,0,91,0,0,76,59,265,k__Bacteria,p__Proteobacteria,c__Deltaproteobacteria,o__Desulfobacterales,f__Desulfobulbaceae,g__Desulfobulbus,
ASV39,0,0,33,0,0,0,298,23,166,k__Bacteria,p__Proteobacteria,c__Alphaproteobacteria,o__Caulobacterales,f__Caulobacteraceae,g__Brevundimonas,
ASV162,0,0,10,15,0,0,329,25,91,k__Bacteria,p__Proteobacteria,c__Alphaproteobacteria,o__Caulobacterales,f__Caulobacteraceae,g__Phenylobacterium,
ASV175,0,0,5,0,31,9,163,43,261,k__Bacteria,p__Actinobacteria,c__Actinobacteria,,,,
ASV259,34,18,25,123,42,10,267,0,31,k__Bacteria,p__Firmicutes,c__Clostridia,o__Clostridiales,f__Family XI,g__uncultured,
ASV60,65,27,57,3,0,12,205,22,164,k__Bacteria,p__Proteobacteria,c__Alphaproteobacteria,o__Caulobacterales,f__Hyphomonadaceae,g__Hyphomonas,
ASV110,74,44,117,0,0,0,29,42,304,k__Bacteria,p__Proteobacteria,c__Betaproteobacteria,o__Burkholderiales,f__Alcaligenaceae,g__Parapusillimonas,
ASV236,29,23,44,71,36,26,137,27,119,k__Bacteria,p__Elusimicrobia,c__Elusimicrobia,o__Lineage I (Endomicrobia),,,
ASV185,0,0,0,54,233,88,49,20,82,k__Bacteria,p__Saccharibacteria,,,,,
ASV202,62,89,173,11,11,0,110,22,115,k__Bacteria,p__Proteobacteria,c__Epsilonproteobacteria,o__Campylobacterales,f__Campylobacteraceae,g__Arcobacter,
ASV227,0,0,0,107,118,34,14,50,154,k__Bacteria,p__Cloacimonetes,c__FGL12-B44,,,,
ASV99,0,0,0,0,0,0,149,44,310,k__Bacteria,p__Proteobacteria,c__Gammaproteobacteria,o__Legionellales,f__Legionellaceae,g__Legionella,
ASV133,0,0,0,0,288,203,0,0,0,k__Bacteria,p__Proteobacteria,c__Deltaproteobacteria,o__Desulfuromonadales,f__Geobacteraceae,g__Geobacter,
ASV245,0,0,0,63,135,39,179,12,80,k__Bacteria,p__Cloacimonetes,c__LNR A2-18,,,,
ASV150,0,0,0,0,0,0,291,19,168,k__Bacteria,p__Proteobacteria,c__Alphaproteobacteria,o__Rhizobiales,f__Hyphomicrobiaceae,g__Devosia,
ASV174,170,190,328,0,0,0,0,0,22,k__Bacteria,p__Firmicutes,c__Clostridia,o__Clostridiales,f__Family XII,g__Fusibacter,
ASV233,0,0,0,224,114,31,76,8,79,k__Bacteria,p__Synergistetes,c__Synergistia,o__Synergistales,f__Synergistaceae,g__Lactivibrio,
ASV232,0,0,0,104,104,78,113,13,55,k__Bacteria,p__Chlorobi,c__Ignavibacteria,o__Ignavibacteriales,f__SR-FBR-L83,,
ASV177,230,120,315,19,14,0,0,0,59,k__Bacteria,p__Firmicutes,c__Clostridia,o__Clostridiales,f__Clostridiaceae 1,g__Proteiniclasticum,
ASV101,0,52,787,0,0,0,0,0,0,k__Bacteria,p__Proteobacteria,c__Gammaproteobacteria,o__Xanthomonadales,f__Xanthomonadaceae,g__Stenotrophomonas,
ASV108,0,0,0,0,0,0,80,44,372,k__Bacteria,p__Proteobacteria,c__Alphaproteobacteria,o__Rhizobiales,f__Phyllobacteriaceae,g__Aquamicrobium,
ASV420,0,25,49,0,0,0,20,100,76,k__Bacteria,p__Spirochaetae,c__Spirochaetes,o__Spirochaetales,f__Spirochaetaceae,g__Treponema 2,
ASV297,65,75,142,77,33,0,71,16,69,k__Bacteria,p__Proteobacteria,c__Deltaproteobacteria,o__Desulfovibrionales,f__Desulfovibrionaceae,g__Desulfovibrio,
ASV228,0,22,0,105,89,54,141,0,66,k__Bacteria,p__Firmicutes,c__Clostridia,o__Clostridiales,f__Christensenellaceae,g__Christensenellaceae R-7 group,
ASV371,0,0,0,0,0,0,412,0,0,k__Bacteria,p__Proteobacteria,c__Gammaproteobacteria,o__Cellvibrionales,f__Cellvibrionaceae,g__Cellvibrio,
ASV210,0,0,0,262,128,86,0,0,0,k__Bacteria,p__Spirochaetae,c__Spirochaetes,o__Spirochaetales,f__Spirochaetaceae,g__uncultured,
ASV506,0,0,0,76,0,0,335,0,12,k__Bacteria,p__TA06,,,,,
ASV284,60,19,50,178,29,17,116,5,16,k__Bacteria,p__Spirochaetae,c__Spirochaetes,o__Spirochaetales,f__Leptospiraceae,g__uncultured,
ASV229,52,0,27,0,24,29,24,58,190,k__Bacteria,p__Firmicutes,c__Clostridia,o__Clostridiales,f__Family XII,g__Acidaminobacter,
ASV215,0,0,0,0,0,3,171,21,269,k__Bacteria,p__Bacteroidetes,c__Flavobacteriia,o__Flavobacteriales,f__Flavobacteriaceae,g__Flavobacterium,
ASV244,0,0,0,0,0,0,116,50,201,k__Bacteria,p__Proteobacteria,c__Alphaproteobacteria,o__Rhodospirillales,f__Rhodospirillales Incertae Sedis,g__Reyranella,
ASV243,189,63,0,77,0,0,162,0,0,k__Bacteria,p__Synergistetes,c__Synergistia,o__Synergistales,f__Synergistaceae,g__uncultured,
ASV289,0,143,309,73,0,16,0,0,0,k__Bacteria,p__Tenericutes,c__Mollicutes,o__Acholeplasmatales,f__Acholeplasmataceae,g__Acholeplasma,
